{
  "GET Contact List" : {
    "transaction" : "GET Contact List",
    "sampleCount" : 10,
    "errorCount" : 0,
    "errorPct" : 0.0,
    "meanResTime" : 264.79999999999995,
    "medianResTime" : 260.0,
    "minResTime" : 256.0,
    "maxResTime" : 302.0,
    "pct1ResTime" : 298.7,
    "pct2ResTime" : 302.0,
    "pct3ResTime" : 302.0,
    "throughput" : 1.0920607185759528,
    "receivedKBytesPerSec" : 3.578631784427214,
    "sentKBytesPerSec" : 0.38072819973790545
  },
  "Total" : {
    "transaction" : "Total",
    "sampleCount" : 30,
    "errorCount" : 0,
    "errorPct" : 0.0,
    "meanResTime" : 536.1666666666666,
    "medianResTime" : 282.0,
    "minResTime" : 256.0,
    "maxResTime" : 1089.0,
    "pct1ResTime" : 1079.2,
    "pct2ResTime" : 1086.8,
    "pct3ResTime" : 1089.0,
    "throughput" : 2.8368794326241136,
    "receivedKBytesPerSec" : 5.246934101654847,
    "sentKBytesPerSec" : 1.380577718676123
  },
  "POST Add Contact" : {
    "transaction" : "POST Add Contact",
    "sampleCount" : 10,
    "errorCount" : 0,
    "errorPct" : 0.0,
    "meanResTime" : 285.9,
    "medianResTime" : 273.0,
    "minResTime" : 266.0,
    "maxResTime" : 338.0,
    "pct1ResTime" : 336.9,
    "pct2ResTime" : 338.0,
    "pct3ResTime" : 338.0,
    "throughput" : 1.0828370330265296,
    "receivedKBytesPerSec" : 1.1236549133730374,
    "sentKBytesPerSec" : 0.7264736735246345
  },
  "Login" : {
    "transaction" : "Login",
    "sampleCount" : 10,
    "errorCount" : 0,
    "errorPct" : 0.0,
    "meanResTime" : 1057.8000000000002,
    "medianResTime" : 1053.0,
    "minResTime" : 1002.0,
    "maxResTime" : 1089.0,
    "pct1ResTime" : 1088.6,
    "pct2ResTime" : 1089.0,
    "pct3ResTime" : 1089.0,
    "throughput" : 0.9952229299363057,
    "receivedKBytesPerSec" : 1.228089545183121,
    "sentKBytesPerSec" : 0.4383257240246815
  }
}